{
"KeyCodes":["https://docs.microsoft.com/en-us/windows/win32/inputdev/virtual-key-codes"],
"9"  :[9],
"10"  :[13],
"32"  :[32],
"33"  :[16,49],
"34"  :[192],
"35"  :[165,51],
"36"  :[165,52],
"37"  :[16,53],
"38"  :[16,54],
"39"  :[16,50],
"40"  :[16,56],
"41"  :[16,57],
"42"  :[223],
"43"  :[16,52],
"44"  :[188],
"45"  :[189],
"46"  :[190],
"47"  :[16,55],
"48"  :[48],
"49"  :[49],
"50"  :[50],
"51"  :[51],
"52"  :[52],
"53"  :[53],
"54"  :[54],
"55"  :[55],
"56"  :[56],
"57"  :[57],
"58"  :[16,190],
"61"  :[16,48],
"63"  :[16,223],
"64"  :[165,81],
"65"  :[16,65],
"66"  :[16,66],
"67"  :[16,67],
"68"  :[16,68],
"69"  :[16,69],
"70"  :[16,70],
"71"  :[16,71],
"72"  :[16,72],
"73"  :[16,73],
"74"  :[16,74],
"75"  :[16,75],
"76"  :[16,76],
"77"  :[16,77],
"78"  :[16,78],
"79"  :[16,79],
"80"  :[16,80],
"81"  :[16,81],
"82"  :[16,82],
"83"  :[16,83],
"84"  :[16,84],
"85"  :[16,85],
"86"  :[16,86],
"87"  :[16,87],
"88"  :[16,88],
"89"  :[16,89],
"90"  :[16,90],
"91"  :[165,56],
"92"  :[165,223],
"93"  :[165,57],
"94"  :[16,51],
"95"  :[16,189],
"97"  :[65],
"98"  :[66],
"99"  :[67],
"100" :[68],
"101" :[69],
"102" :[70],
"103" :[71],
"104" :[72],
"105" :[222],
"106" :[74],
"107" :[75],
"108" :[76],
"109" :[77],
"110" :[78],
"111" :[79],
"112" :[80],
"113" :[81],
"114" :[82],
"115" :[83],
"116" :[84],
"117" :[85],
"118" :[86],
"119" :[87],
"120" :[88],
"121" :[89],
"122" :[90],
"123"  :[165,55],
"125"  :[165,48],
"131" :[8],
"132":[9],
"135" :[13],
"136" :[16],
"137" :[17],
"138" :[18],
"141" :[32],
"142" :[34],
"143" :[33],
"144" :[35],
"145" :[36],
"146" :[37],
"148" :[39],
"151" :[46],
"ş"   :[186],
"-59-97" :[186],
"-59-98" :[16,186],
"254" :[186],
"ö"   :[191],
"246" :[191],
"ğ"   :[219],
"240" :[219],
"ç"   :[220],
"231" :[220],
"ü"   :[221],
"252" :[221],
"60"  :[226],
"62"  :[16,226],
"124" :[165,226],
"96"  :[165,188],
"126" :[165,221],
"168" :[165,219],
"177" :[112],
"178" :[113],
"179" :[114],
"180" :[115],
"181" :[116],
"182" :[117],
"183" :[118],
"184" :[119],
"185" :[120],
"186" :[121],
"187" :[122],
"188" :[123],
"59"  :[16,188],
"233" :[16,192],
"-61-87" :[16,192],
"Ş"   :[16,186],
"-62-76"   :[165,186],
"222" :[16,186],
"-61-106" :[16,191],
"Ö"   :[16,191],
"-61-74"   :[191],
"214" :[16,191],
"Ğ"   :[16,219],
"-60-97" :[219],
"-60-98" :[16,219],
"208" :[16,219],
"Ç"   :[16,220],
"-61-121"   :[16,220],
"-61-89"   :[220],
"199" :[16,220],
"Ü"   :[16,221],
"-61-68":[221],
"-61-100":[16,221],
"-62-88":[165,219],
"220" :[16,221],
"İ"   :[16,222],
"-60-80"   :[16,222],
"221" :[16,222],
"ı"   :[73],
"-60-79" :[73],
"253" :[73],
"ALT": [18],
"BACK": [8],
"BACKSPACE": [8],
"SPACE": [32],
"SHIFT": [16],
"CONTROL" : [17],
"CTRL" : [17],
"DEL" : [46],
"DELETE" : [46],
"DOWN" : [40],
"END":[35],
"ENTER":[13],
"ESCAPE":[27],
"F1":[112],
"F2":[113],
"F3":[114],
"F4":[115],
"F5":[116],
"F6":[117],
"F7":[118],
"F8":[119],
"F9":[120],
"F10":[121],
"F11":[122],
"F12":[123],
"HOME":[36],
"LEFT":[37],
"MINUS":[189],
"PLUS":[187],
"RIGHT":[39],
"TAB":[9],
"UP":[38],
"PAGEUP":[34],
"PAGEDOWN":[33],
"PRIOR":[33],
"NEXT":[34]
}    